{"version": 2, "width": 121, "height": 24, "timestamp": 1539971692, "env": {"SHELL": "/bin/zsh", "TERM": "xterm-256color"}}
[0.177715, "o", "\u001b[1m\u001b[7m%\u001b[27m\u001b[1m\u001b[0m                                                                                                                        \r \r"]
[0.1784, "o", "\u001b]2;muhammad@hackerman: ~/Bash-Cheatsheet/gifs\u0007\u001b]1;..eatsheet/gifs\u0007"]
[0.185671, "o", "\r\u001b[0m\u001b[27m\u001b[24m\u001b[J\u001b[01;32m➜  \u001b[36mgifs\u001b[00m \u001b[01;34mgit:(\u001b[31mmaster\u001b[34m) \u001b[33m✗\u001b[00m \u001b[K"]
[0.1858, "o", "\u001b[?1h\u001b=\u001b[?2004h"]
[3.314285, "o", "c"]
[3.43979, "o", "\bcd"]
[3.794074, "o", " "]
[4.363362, "o", "t"]
[4.542757, "o", "e"]
[4.791443, "o", "st\u001b[1m/\u001b[0m"]
[6.54317, "o", "\b\u001b[0m \b"]
[6.543308, "o", "\u001b[?1l\u001b>\u001b[?2004l\r\r\n"]
[6.543983, "o", "\u001b]2;cd test\u0007\u001b]1;cd\u0007"]
[6.544098, "o", "\u001b[1m\u001b[7m%\u001b[27m\u001b[1m\u001b[0m                                                                                                                        \r \r\u001b]2;muhammad@hackerman: ~/Bash-Cheatsheet/gifs/test\u0007"]
[6.544176, "o", "\u001b]1;..eet/gifs/test\u0007"]
[6.553005, "o", "\r\u001b[0m\u001b[27m\u001b[24m\u001b[J\u001b[01;32m➜  \u001b[36mtest\u001b[00m \u001b[01;34mgit:(\u001b[31mmaster\u001b[34m) \u001b[33m✗\u001b[00m \u001b[K"]
[6.553146, "o", "\u001b[?1h\u001b=\u001b[?2004h"]
[7.66397, "o", "l"]
[7.895031, "o", "\bls"]
[9.61419, "o", "\b\bl \b"]
[10.00726, "o", "\b \b"]
[11.07347, "o", "\u001b[?2004l\r\r\n"]
